Date,Dangote_cement,Mtn
04/07/2025,480,245
04/04/2025,480,245
04/03/2025,480,245
04/02/2025,480,245
03/28/25,480,245
03/27/25,480,245
03/26/25,480,238.4
03/25/25,480,245
03/24/25,480,245
03/21/25,480,245
03/20/25,480,245
03/19/25,480,245
03/18/25,480,245
03/17/25,480,245
03/14/25,480,245
03/13/25,480,245
03/12/2025,480,245
03/11/2025,480,245
03/10/2025,480,255.8
03/07/2025,480,255.8
03/06/2025,480,264.2
03/05/2025,480,264.2
03/04/2025,480,264.2
03/03/2025,480,264.2
02/28/25,480,264.2
02/27/25,480,264.2
02/26/25,480,264.2
02/25/25,480,264.2
02/24/25,480,264.2
02/21/25,480,264.2
02/20/25,480,264.2
02/19/25,480,264.2
02/18/25,480,264.2
02/17/25,480,264.2
02/14/25,480,264.2
02/13/25,474.1,255
02/12/2025,431,255
02/11/2025,414.9,255
02/10/2025,394,255
02/07/2025,394,255
02/06/2025,394,255
02/05/2025,394,255
02/04/2025,394,255
02/03/2025,394,253.1
01/31/25,394,250
01/30/25,394,250
01/29/25,385,250
01/28/25,385,250
01/27/25,400,250
01/24/25,400,247.9
01/23/25,400,245
01/22/25,400,247
01/21/25,400,256.3
01/20/25,400,233
01/17/25,400,233
01/16/25,400,233
01/15/25,387.9,233
01/14/25,431,233
01/13/25,478.8,242
01/10/2025,478.8,242
01/09/2025,478.8,242
01/08/2025,478.8,220
01/07/2025,478.8,200
01/06/2025,478.8,200
01/03/2025,478.8,200
01/02/2025,478.8,200
12/31/24,478.8,200
12/30/24,478.8,207.8
12/27/24,478.8,194
12/24/24,478.8,194
12/23/24,478.8,178
12/20/24,478.8,175.5
12/19/24,478.8,175.5
12/18/24,478.8,175
12/17/24,478.8,175
12/16/24,478.8,175
12/13/24,478.8,176
12/12/2024,478.8,176
12/11/2024,478.8,176
12/10/2024,478.8,176
12/09/2024,478.8,170.1
12/06/2024,478.8,170.1
12/05/2024,478.8,170
12/04/2024,478.8,170
12/03/2024,478.8,170
12/02/2024,478.8,170
11/29/24,478.8,170
11/28/24,478.8,170
11/27/24,478.8,170
11/26/24,478.8,170
11/25/24,478.8,172
11/22/24,478.8,172
11/21/24,478.8,172
11/20/24,478.8,172
11/19/24,478.8,172
11/18/24,478.8,170
11/15/24,478.8,170
11/14/24,478.8,170
11/13/24,478.8,170
11/12/2024,478.8,170
11/11/2024,478.8,169
11/08/2024,478.8,169
11/07/2024,478.8,169.7
11/06/2024,478.8,169.7
11/05/2024,478.8,169.7
11/04/2024,478.8,170.1
11/01/2024,478.8,175
10/31/24,478.8,175.1
10/30/24,478.8,175.1
10/29/24,478.8,184
10/28/24,478.8,184
10/25/24,478.8,184
10/24/24,478.8,188.5
10/23/24,478.8,188.5
10/22/24,478.8,188.5
10/21/24,478.8,188.5
10/18/24,478.8,191
10/17/24,478.8,191
10/16/24,478.8,191
10/15/24,478.8,191
10/14/24,478.8,191
10/11/2024,478.8,191
10/10/2024,478.8,190
10/09/2024,478.8,190
10/08/2024,478.8,190
10/07/2024,478.8,191.1
10/04/2024,478.8,190.3
10/03/2024,478.8,190.3
10/02/2024,532,190
09/30/24,532,191
09/27/24,532,191
09/26/24,532,191
09/25/24,532,199.8
09/24/24,532,199.8
09/23/24,532,199.8
09/20/24,532,199.8
09/19/24,532,192
09/18/24,532,192
09/17/24,532,192.2
09/13/24,532,192.2
09/12/2024,532,192.5
09/11/2024,532,192.5
09/10/2024,532,192.5
09/09/2024,532,179
09/06/2024,532,179
09/05/2024,532,180
09/04/2024,532,180
09/03/2024,532,180
09/02/2024,532,180
08/30/24,532,180
08/29/24,532,184
08/28/24,532,184
08/27/24,532,199.8
08/26/24,532,199.8
08/23/24,532,199.8
08/22/24,532,199.8
08/21/24,532,199.8
08/20/24,532,199.8
08/19/24,532,199.8
08/16/24,591.1,199.8
08/15/24,591.1,199.8
08/14/24,591.1,199.8
08/13/24,591.1,199.8
08/12/2024,591.1,199.8
08/09/2024,591.1,199.8
08/08/2024,591.1,198
08/07/2024,591.1,180
08/06/2024,591.1,179.5
08/05/2024,591.1,178.7
08/02/2024,591.1,190
08/01/2024,591.1,190
07/31/24,591.1,200
07/30/24,591.1,200
07/29/24,591.1,200
07/26/24,591.1,200
07/25/24,656.7,200
07/24/24,656.7,200
07/23/24,656.7,200
07/22/24,656.7,200
07/19/24,656.7,200
07/18/24,656.7,196.1
07/17/24,656.7,196.1
07/16/24,656.7,203
07/15/24,656.7,203
07/12/2024,656.7,200
07/11/2024,656.7,200
07/10/2024,656.7,200
07/09/2024,656.7,200
07/08/2024,656.7,200
07/05/2024,656.7,200
07/04/2024,656.7,200
07/03/2024,656.7,214
07/02/2024,656.7,214
07/01/2024,656.7,214
06/28/24,656.7,214
06/27/24,656.7,200
06/26/24,656.7,214.8
06/25/24,656.7,214.8
06/24/24,656.7,214.8
06/21/24,656.7,214.8
06/20/24,656.7,214.8
06/19/24,656.7,214.8
06/14/24,656.7,220.7
06/13/24,656.7,220.7
06/11/2024,656.7,220.7
06/10/2024,656.7,230
06/07/2024,656.7,230
06/06/2024,656.7,230
06/05/2024,656.7,230
06/04/2024,656.7,230
06/03/2024,656.7,230
05/31/24,656.7,230
05/30/24,656.7,230.5
05/29/24,656.7,230.5
05/28/24,656.7,230.5
05/27/24,656.7,230.5
05/24/24,656.7,230.5
05/23/24,656.7,230.5
05/22/24,656.7,230.5
05/21/24,656.7,230.5
05/20/24,656.7,230
05/17/24,656.7,224
05/16/24,656.7,224
05/15/24,656.7,224
05/14/24,656.7,220
05/13/24,656.7,220
05/10/2024,656.7,220
05/09/2024,656.7,220
05/08/2024,656.7,220
05/07/2024,656.7,215
05/06/2024,656.7,215.5
05/03/2024,656.7,215
05/02/2024,656.7,210
04/30/24,656.7,210
04/29/24,656.7,202
04/26/24,656.7,202
04/25/24,656.7,202
04/24/24,656.7,201.6
04/23/24,656.7,224
04/22/24,656.7,224
04/19/24,656.7,224
04/18/24,656.7,224
04/17/24,656.7,224
04/16/24,656.7,224
04/15/24,686.7,227
04/12/2024,686.7,227
04/08/2024,686.7,227
04/05/2024,686.7,227
04/04/2024,686.7,229
04/03/2024,686.7,232
04/02/2024,686.7,232
03/28/24,686.7,232
03/27/24,686.7,229.9
03/26/24,686.7,231
03/25/24,686.7,235
03/22/24,686.7,235
03/21/24,686.7,235
03/20/24,686.7,240
03/19/24,686.7,240
03/18/24,686.7,247.5
03/15/24,686.7,267.8
03/14/24,686.7,248
03/13/24,686.7,249
03/12/2024,686.7,243.5
03/11/2024,686.7,221.4
03/08/2024,686.7,221.4
03/07/2024,686.7,201.3
03/06/2024,686.7,183
03/05/2024,686.7,183
03/04/2024,686.7,185
03/01/2024,686.7,200.7
02/29/24,686.7,222.9
02/28/24,686.7,222.9
02/27/24,686.7,222.9
02/26/24,686.7,247.5
02/23/24,686.7,247.5
02/22/24,686.7,247.5
02/21/24,686.7,247.5
02/20/24,686.7,247.5
02/19/24,686.7,247.5
02/16/24,763,275
02/15/24,763,275
02/14/24,763,275
02/13/24,763,275
02/12/2024,763,275
02/09/2024,763,275
02/08/2024,763,275
02/07/2024,763,275
02/06/2024,763,275
02/05/2024,763,274
02/02/2024,763,290
02/01/2024,763,275
01/31/24,763,281
01/30/24,763,293.9
01/29/24,763,293.9
01/26/24,694.1,293.9
01/25/24,694.1,293.9
01/24/24,694.1,293.9
01/23/24,651.8,293.9
01/22/24,592.6,290
01/19/24,538.8,290.1
01/18/24,489.9,288.1
01/17/24,452.5,288
01/16/24,411.9,288
01/15/24,375,283
01/12/2024,350,283
01/11/2024,350,283
01/10/2024,350,282
01/09/2024,337.1,295
01/08/2024,325,285
01/05/2024,325,285
01/04/2024,319.9,271.5
01/03/2024,319.9,264
01/02/2024,319.9,264
12/29/23,319.9,264
12/28/23,319.9,262.5
12/27/23,313,251
12/22/23,320,250
12/21/23,320,259.8
12/20/23,320,246.5
12/19/23,320,246.5
12/18/23,320,245
12/15/23,320,245
12/14/23,320,245
12/13/23,320,245
12/12/2023,320,245
12/11/2023,320,240
12/08/2023,320,238.6
12/07/2023,320,238.6
12/06/2023,320,238.6
12/05/2023,320,238
12/04/2023,320,238
12/01/2023,320,238
11/30/23,320,238
11/29/23,320,238
11/28/23,320,238
11/27/23,328,238
11/24/23,328,238
11/23/23,328,238
11/22/23,328,238
11/21/23,328,239.5
11/20/23,328,239.5
11/17/23,328,239.5
11/16/23,328,241
11/15/23,328,240.5
11/14/23,328,240
11/13/23,328,240
11/10/2023,328,234
11/09/2023,328,234
11/08/2023,328,234
11/07/2023,328,234
11/06/2023,328,234
11/03/2023,328,234
11/02/2023,328,240
11/01/2023,328,246
10/31/23,328,246
10/30/23,328,246
10/27/23,310.1,246.5
10/26/23,310.1,249
10/25/23,310.1,250
10/24/23,310.1,250
10/23/23,310.1,249.5
10/20/23,310.1,249.5
10/19/23,310.1,249.5
10/18/23,310.1,250
10/17/23,310.1,250
10/16/23,310.1,250
10/13/23,310.1,250
10/12/2023,310.1,250
10/11/2023,310.1,250
10/10/2023,310.1,250
10/09/2023,310.1,250
10/06/2023,310.1,250
10/05/2023,340,250
10/04/2023,340,250
10/03/2023,340,260
09/29/23,340,264
09/28/23,334,264.5
09/26/23,334,264.5
09/25/23,334,264.5
09/22/23,334,269
09/21/23,365,269
09/20/23,365,270.1
09/19/23,365,270.1
09/18/23,365,270.1
09/15/23,365,270.1
09/14/23,365,270
09/13/23,365,270
09/12/2023,365,270
09/11/2023,365,274.2
09/08/2023,365,274.2
09/07/2023,365,274.5
09/06/2023,370,274.5
09/05/2023,369.8,274.5
09/04/2023,369.8,274.4
09/01/2023,369.8,274.4
08/31/23,360,274.5
08/30/23,360,274.5
08/29/23,360,274.5
08/28/23,360,274.5
08/25/23,360,274.5
08/24/23,360,274.5
08/23/23,360,275
08/22/23,360,275
08/21/23,360,275
08/18/23,360,275
08/17/23,349.9,274.4
08/16/23,349.9,280
08/15/23,349.9,280
08/14/23,349.9,279.9
08/11/2023,349.9,279.9
08/10/2023,349.9,277
08/09/2023,320,276
08/08/2023,352,280
08/07/2023,352,280
08/04/2023,352,277
08/03/2023,352,280
08/02/2023,352,263
08/01/2023,352,263
07/31/23,352,262
07/28/23,352,272
07/27/23,352,275.1
07/26/23,352,275.1
07/25/23,352,284.9
07/24/23,352,270
07/21/23,352,270
07/20/23,352,270
07/19/23,352,270
07/18/23,352,265.1
07/17/23,330,265.1
07/14/23,335,265.1
07/13/23,326,265.1
07/12/2023,326,278
07/11/2023,360.7,278
07/10/2023,330.1,280
07/07/2023,300.1,275
07/06/2023,290,274
07/05/2023,285,274
07/04/2023,285,273
07/03/2023,285,278
06/30/23,285,273.4
06/27/23,287.5,267.2
06/26/23,287.5,260
06/23/23,287.5,265.5
06/22/23,287.5,265.5
06/21/23,287.5,265
06/20/23,287.3,265
06/19/23,286.9,265
06/16/23,284,274
06/15/23,284,274
06/14/23,284,284.9
06/13/23,286.8,259
06/09/2023,283,250
06/08/2023,286,250
06/07/2023,290,249.9
06/06/2023,290,249.9
06/05/2023,290,249.9
06/02/2023,290,249.9
06/01/2023,290,249.9
05/31/23,290,251
05/30/23,290,250
05/26/23,270,232.5
05/25/23,270,231.2
05/24/23,270,231
05/23/23,270,231
05/22/23,270,231
05/19/23,270,229
05/18/23,270,229
05/17/23,270,229
05/16/23,270,229
05/15/23,270,229
05/12/2023,270,229
05/11/2023,270,229
05/10/2023,270,229
05/09/2023,270,228.9
05/08/2023,270,228.9
05/05/2023,270,228.9
05/04/2023,270,229
05/03/2023,270,228.5
05/02/2023,270,230
04/28/23,270,228.7
04/27/23,270,230
04/26/23,270,230
04/25/23,270,229
04/20/23,270,224
04/19/23,270,224
04/18/23,270,224
04/17/23,270,224
04/14/23,270,240
04/13/23,270,240
04/12/2023,270,240
04/11/2023,270,240
04/06/2023,270,240
04/05/2023,270,240
04/04/2023,270,240
04/03/2023,270,240
03/31/23,270,240
03/30/23,290,240
03/29/23,290,220.4
03/28/23,276,223
03/27/23,288,233
03/24/23,288,236
03/23/23,288,236
03/22/23,288,236
03/21/23,288,236
03/20/23,288,236
03/17/23,288,236
03/16/23,288,236
03/15/23,288,248.3
03/14/23,288,248.3
03/13/23,288,248.3
03/10/2023,288,248.3
03/09/2023,288,248.3
03/08/2023,285,249.5
03/07/2023,280,248
03/06/2023,278,248
03/03/2023,278,245
03/02/2023,278,245
03/01/2023,278,245
02/28/23,278,245
02/27/23,272,245
02/24/23,272,245
02/23/23,270,245.5
02/22/23,270,245.5
02/21/23,270,245.5
02/20/23,270,245.5
02/17/23,270,245.5
02/16/23,270,245.5
02/15/23,270,245.5
02/14/23,270,245.5
02/13/23,270,241.9
02/10/2023,270,241.9
02/09/2023,270,243.9
02/08/2023,270,243.9
02/07/2023,265,243.9
02/06/2023,266.9,242
02/03/2023,266.9,237.9
02/02/2023,266.9,233.5
02/01/2023,266.9,225
01/31/23,266.9,225
01/30/23,266.9,225
01/27/23,266.9,225
01/26/23,266.9,229
01/25/23,266.9,229
01/24/23,266.9,230
01/23/23,265,230
01/20/23,265,229.9
01/19/23,265,229.9
01/18/23,265,229.9
01/17/23,270,229.9
01/16/23,270,229.9
01/13/23,270,229.9
01/12/2023,270,220
01/11/2023,270,215
01/10/2023,270,215
01/09/2023,262,215
01/06/2023,262,215
01/05/2023,261,215
01/04/2023,261,215
01/03/2023,261,215
12/30/22,261,215
12/29/22,261,215
12/28/22,261,214
12/23/22,261,214
12/22/22,261,214
12/21/22,262.3,214
12/20/22,262.3,214
12/19/22,262.3,214
12/16/22,262.3,214
12/15/22,262.3,214
12/14/22,262.3,208
12/13/22,262.3,208
12/12/2022,262.3,215
12/09/2022,262.3,215
12/08/2022,262.3,215
12/07/2022,262.3,220
12/06/2022,262.3,220
12/05/2022,262.3,220
12/02/2022,262.3,220
12/01/2022,262.3,215
11/30/22,262.3,218.5
11/29/22,262.3,210.5
11/28/22,262.3,210
11/25/22,262.3,210
11/24/22,262.3,200
11/23/22,262.3,200
11/22/22,238.5,200
11/21/22,238.5,197
11/18/22,238.5,197
11/17/22,238.5,188
11/16/22,238.5,188
11/15/22,238.5,187.4
11/14/22,238.5,187.4
11/11/2022,238.5,192
11/10/2022,238.5,192
11/09/2022,221.3,192
11/08/2022,220,192
11/07/2022,240,196
11/04/2022,240,196
11/03/2022,240,196
11/02/2022,240,196
11/01/2022,220.5,196.9
10/31/22,220.5,196.9
10/28/22,220.5,197
10/27/22,245,197.1
10/26/22,245,197
10/25/22,245,197
10/24/22,245,197.5
10/21/22,245,195
10/20/22,245,195
10/19/22,245,195
10/18/22,245,199
10/17/22,245,199
10/14/22,245,199
10/13/22,245,199
10/12/2022,245,199
10/11/2022,245,199
10/07/2022,245,199
10/06/2022,245,197.4
10/05/2022,245,199.8
10/04/2022,245,199.8
09/30/22,245,199.8
09/29/22,245,200
09/28/22,245,200
09/27/22,245,200
09/26/22,245,200
09/23/22,245,200.1
09/22/22,245,199.9
09/21/22,245,199.9
09/20/22,245,199.9
09/19/22,245,200
09/16/22,245,200
09/15/22,245,200
09/14/22,245,200
09/13/22,245,200
09/12/2022,245,200
09/09/2022,245,200
09/08/2022,245,200
09/07/2022,245,200
09/06/2022,245,200
09/05/2022,245,200
09/02/2022,245,200
09/01/2022,245,199
08/31/22,245,199
08/30/22,245,199
08/29/22,245,200
08/26/22,245,200
08/25/22,245,200
08/24/22,245,200
08/23/22,245,200
08/22/22,258.8,196
08/19/22,258.8,196
08/18/22,258.8,200
08/17/22,258.8,201
08/16/22,258.8,201
08/15/22,258.8,201
08/12/2022,258.8,200
08/11/2022,265,200
08/10/2022,265,201
08/09/2022,241,201
08/08/2022,265,210
08/05/2022,265,214.9
08/04/2022,265,214.9
08/03/2022,265,214.8
08/02/2022,265,215
08/01/2022,265,200.1
07/29/22,265,200.1
07/28/22,265,190
07/27/22,265,190
07/26/22,265,192.5
07/25/22,265,213
07/22/22,265,229
07/21/22,265,229
07/20/22,265,229
07/19/22,265,229
07/18/22,265,230
07/15/22,265,230.3
07/14/22,275,230.3
07/13/22,275,230.3
07/08/2022,275,230.3
07/07/2022,275,230.3
07/06/2022,275,230.3
07/05/2022,275,230.3
07/04/2022,275,230.3
07/01/2022,275,230
06/30/22,275,230
06/29/22,275,230
06/28/22,275,230.2
06/27/22,275,235
06/24/22,275,230.1
06/23/22,275,229.5
06/22/22,275,221
06/21/22,270,219
06/20/22,249.3,221
06/17/22,277,221
06/16/22,277,234.2
06/15/22,277,234.2
06/14/22,277,239.9
06/10/2022,277,239.9
06/09/2022,277,240
06/08/2022,277,240
06/07/2022,277,240
06/06/2022,277,234.5
06/03/2022,277,230
06/02/2022,277,230
06/01/2022,277,230
05/31/22,277,230
05/30/22,297,230
05/27/22,297,237
05/26/22,297,240
05/25/22,297,230
05/24/22,297,230
05/23/22,300,249
05/20/22,300,249
05/19/22,300,270
05/18/22,300,255.5
05/17/22,300,255.5
05/16/22,300,260
05/13/22,300,261.6
05/12/2022,300,261.6
05/11/2022,300,262.1
05/10/2022,292.4,240
05/09/2022,292.4,249
05/06/2022,292.4,227.5
05/05/2022,292.4,227.5
05/04/2022,292.4,214.5
04/29/22,292.4,214.5
04/28/22,285.8,214
04/27/22,285.8,212
04/26/22,285.8,212
04/25/22,285.8,213
04/22/22,285.4,213
04/21/22,285.4,213
04/20/22,285.4,213
04/19/22,280,213
04/14/22,280,213
04/13/22,273.5,213
04/12/2022,273.5,211.1
04/11/2022,273.5,208.5
04/08/2022,273.5,206
04/07/2022,273.5,206
04/06/2022,273.5,212
04/05/2022,273.5,212
04/04/2022,273.5,212
04/01/2022,273.5,214
03/31/22,273.5,214
03/30/22,273.5,210
03/29/22,273.5,207
03/28/22,273.5,207
03/25/22,273.5,204
03/24/22,273.5,204
03/23/22,273.5,205.5
03/22/22,273.5,205.5
03/21/22,273.5,205.5
03/18/22,273.5,205.5
03/17/22,273.5,205
03/16/22,273.5,205
03/15/22,273.5,204.5
03/14/22,273.5,205
03/11/2022,273.5,206
03/10/2022,273.5,206
03/09/2022,273.5,204
03/08/2022,273.5,204
03/07/2022,273.5,203.5
03/04/2022,273.5,203.5
03/03/2022,273.5,204
03/02/2022,273.5,203
03/01/2022,273.5,203
02/28/22,273.5,201
02/25/22,273.5,201
02/24/22,273.5,200
02/23/22,273.5,200
02/22/22,273.5,199.8
02/21/22,273.5,199.8
02/18/22,273.5,199.5
02/17/22,273.5,199.8
02/16/22,273.5,200
02/15/22,274.8,199
02/14/22,274.8,198.5
02/11/2022,274.8,198
02/10/2022,274.8,197
02/09/2022,274.8,197
02/08/2022,274.8,197
02/07/2022,274.8,199
02/04/2022,274.8,200.3
02/03/2022,274.8,200
02/02/2022,260.6,200
02/01/2022,260.6,202.5
01/31/22,260.6,197.5
01/28/22,260.6,190
01/27/22,260.6,190
01/26/22,284.9,190
01/25/22,284.9,190
01/24/22,284.9,190
01/21/22,284.9,190
01/20/22,284.9,190
01/19/22,270,190
01/18/22,270,190
01/17/22,270,190
01/14/22,270,190
01/13/22,275,190
01/12/2022,275,190
01/11/2022,259,186
01/10/2022,260,185.5
01/07/2022,250,197
01/06/2022,250,197
01/05/2022,250,197
01/04/2022,257,197
12/31/21,257,197
12/30/21,257,182
12/29/21,257,182
12/24/21,257,182.7
12/23/21,257,182.7
12/22/21,256.5,183.5
12/21/21,256.5,186
12/20/21,256.5,185.9
12/17/21,255,187
12/16/21,252,187
12/15/21,255,187
12/14/21,255,186.8
12/13/21,255,186.8
12/10/2021,252,174.5
12/09/2021,252,174.5
12/08/2021,280,174.5
12/07/2021,280,167
12/06/2021,280,167
12/03/2021,280,167
12/02/2021,280,169.2
12/01/2021,280,171
11/30/21,280,190
11/29/21,280,190
11/26/21,280,190
11/25/21,280,190
11/24/21,280,190
11/23/21,280,190
11/22/21,280,190
11/19/21,280,190
11/18/21,280,190
11/17/21,280,190
11/16/21,280,190
11/15/21,280,190
11/12/2021,280,191
11/11/2021,280,200
11/10/2021,280,201
11/09/2021,280,200
11/08/2021,280,192.5
11/05/2021,280,175.6
11/04/2021,280,175.6
11/03/2021,280,175.6
11/02/2021,280,175.6
11/01/2021,280,175.6
10/29/21,280,175.6
10/28/21,280,175.6
10/27/21,280,174
10/26/21,280,174
10/25/21,280,174
10/22/21,280,174
10/21/21,280,174
10/20/21,280,172
10/18/21,280,169.9
10/15/21,280,174.9
10/14/21,280,174.9
10/13/21,280,174.9
10/12/2021,280,174.9
10/11/2021,280,174.9
10/08/2021,280,174.9
10/07/2021,280,174.9
10/06/2021,280,174.9
10/05/2021,280,174.9
10/04/2021,280,174.9
09/30/21,280,174.9
09/29/21,261,175
09/28/21,245,175
09/27/21,245,175
09/24/21,245,175
09/23/21,245,175
09/22/21,245,175
09/21/21,245,175
09/20/21,245,175
09/17/21,245,175
09/16/21,245,175
09/15/21,245,175
09/14/21,245,172.5
09/13/21,245,172.5
09/10/2021,245,172.5
09/09/2021,245,172.5
09/08/2021,245,172.5
09/07/2021,245,172.5
09/06/2021,245,172.5
09/03/2021,245,172.5
09/02/2021,245,172.5
09/01/2021,243,172.5
08/31/21,243,172.5
08/30/21,243,172.5
08/27/21,249.6,172.5
08/26/21,249.6,172
08/25/21,249.6,172
08/24/21,249.6,172
08/23/21,249.6,172
08/20/21,249.6,172
08/19/21,249.6,176.5
08/18/21,249.6,172.1
08/17/21,249.6,172.1
08/16/21,241.6,172.1
08/13/21,241.6,172.1
08/12/2021,241.6,172.1
08/11/2021,240,172.1
08/10/2021,240,172.1
08/09/2021,240,168.1
08/06/2021,248.1,168
08/05/2021,248.1,168
08/04/2021,248.1,171
08/03/2021,248.1,171
08/02/2021,248.1,168
07/30/21,248.1,165
07/29/21,248,164.1
07/28/21,248,163.5
07/27/21,248,163.1
07/26/21,248,165
07/23/21,248,165
07/22/21,248,165
07/19/21,230,165
07/16/21,230,165
07/15/21,230,164
07/14/21,230,164
07/13/21,230,163
07/12/2021,230,163
07/09/2021,230,164
07/08/2021,229.9,164
07/07/2021,229.9,164
07/06/2021,229.9,164
07/05/2021,229.9,164
07/02/2021,229.9,164
07/01/2021,221,164
06/30/21,221,164
06/29/21,221,163
06/28/21,221,163
06/25/21,221,163
06/24/21,230,165
06/23/21,230,165
06/22/21,230,165
06/21/21,230,165
06/18/21,230,165
06/17/21,230,165
06/16/21,230,165
06/15/21,230,163
06/11/2021,230,162.7
06/10/2021,230,165
06/09/2021,230,165
06/08/2021,225,165
06/07/2021,220,165
06/04/2021,220,165
06/03/2021,215.5,164.9
06/02/2021,215.5,162.5
06/01/2021,212.5,162.5
05/31/21,212.5,162.5
05/28/21,212.5,160.9
05/27/21,204,160.5
05/26/21,210,160.5
05/25/21,210,160.5
05/24/21,210,160.5
05/21/21,210,160
05/20/21,210,160
05/19/21,214,160
05/18/21,215,160
05/17/21,215,160
05/14/21,215,161.7
05/11/2021,215,161.7
05/10/2021,211.6,162
05/07/2021,211.6,162
05/06/2021,211.6,162
05/05/2021,217,169.9
05/04/2021,217,174
04/30/21,217,174.9
04/29/21,220,171.5
04/28/21,204,165
04/27/21,220,165
04/26/21,220,165
04/23/21,220,165
04/22/21,220,165
04/21/21,220,165
04/20/21,220,165
04/19/21,220,163.3
04/16/21,220,163
04/15/21,215,161
04/14/21,215,161
04/13/21,215,160
04/12/2021,215,163.9
04/09/2021,215,163.9
04/08/2021,215,162
04/07/2021,215,162
04/06/2021,215,160.2
04/01/2021,215,160.2
03/31/21,215,160.2
03/30/21,215,165
03/29/21,224,165
03/26/21,225,160
03/25/21,225,163
03/24/21,225,161
03/23/21,220,157.2
03/22/21,220,157
03/19/21,220,157
03/18/21,227.8,159.9
03/17/21,227.8,159.9
03/16/21,227.8,159.9
03/15/21,220,158
03/12/2021,220,158
03/11/2021,220,160
03/10/2021,228,160
03/09/2021,220,160
03/08/2021,220,170
03/05/2021,220,170
03/04/2021,220,170
03/03/2021,220,170
03/02/2021,220,174
03/01/2021,220,174
02/26/21,220,174
02/25/21,220,179.9
02/24/21,220,179.9
02/23/21,220,180
02/22/21,220,180
02/19/21,220,180
02/18/21,220,180
02/17/21,220,181.7
02/16/21,220,180
02/15/21,220,180
02/12/2021,220,182
02/11/2021,228,182.9
02/10/2021,213,180
02/09/2021,230,180
02/08/2021,230,180
02/05/2021,230,180
02/04/2021,230,181
02/03/2021,236,181
02/02/2021,236,181
02/01/2021,236,181
01/29/21,236,181
01/28/21,236,175
01/27/21,236,175
01/26/21,236,170.9
01/25/21,236,170
01/22/21,234,170
01/21/21,234,170
01/20/21,234.5,170.2
01/19/21,234.6,170
01/18/21,234.6,170
01/15/21,237,170
01/14/21,237,168
01/13/21,230,165
01/12/2021,230,165
01/11/2021,225,165.2
01/08/2021,225,165.2
01/07/2021,244.9,165.2
01/06/2021,244.9,165.2
01/05/2021,244.9,165.2
01/04/2021,244.9,169.9
12/31/20,244.9,169.9
12/30/20,245,160
12/29/20,245,160
12/24/20,245,160
12/23/20,245,160
12/22/20,245,160
12/21/20,230.4,160
12/18/20,209.5,160
12/17/20,200,155
12/16/20,195,155
12/15/20,195,155
12/14/20,188,155
12/11/2020,183,155
12/10/2020,199,155
12/09/2020,199,156.2
12/08/2020,199,156.2
12/07/2020,199,156.2
12/04/2020,199,156.2
12/03/2020,205,156.2
12/02/2020,205,155
12/01/2020,205,155
11/30/20,205,155.2
11/27/20,205,155
11/26/20,205,153
11/25/20,205,153
11/24/20,199.8,153
11/23/20,199.8,153
11/20/20,193.2,153
11/19/20,195,155
11/18/20,195,155
11/17/20,187.1,155
11/16/20,200,155
11/13/20,200,155
11/12/2020,200,162
11/11/2020,185,160
11/10/2020,185,156.2
11/09/2020,185,150.1
11/06/2020,174.5,144
11/05/2020,169,144
11/04/2020,169,144
11/03/2020,169,144
11/02/2020,160,144
10/30/20,160,144
10/28/20,155.3,140
10/27/20,152,140
10/26/20,152,140
10/23/20,151,140
10/22/20,150,140
10/21/20,150,138
10/20/20,150,140
10/19/20,150,140
10/16/20,150,140
10/15/20,150,140
10/14/20,150,140
10/13/20,150,140
10/12/2020,150,140
10/09/2020,150,140.5
10/08/2020,150.5,140.5
10/07/2020,158,140.5
10/06/2020,158.2,142.7
10/05/2020,144,135
10/02/2020,144,130
09/30/20,142.9,129
09/29/20,139,127.5
09/28/20,139,126.5
09/25/20,139,124
09/24/20,135.9,124
09/23/20,134.7,123.9
09/22/20,134.7,123
09/21/20,135,120.1
09/18/20,135,120
09/17/20,135,120
09/16/20,135,120
09/15/20,135,120
09/14/20,135,120
09/11/2020,134,120
09/10/2020,134,120
09/09/2020,134,119.5
09/08/2020,134,119.5
09/07/2020,134,118.6
09/04/2020,134,118.6
09/03/2020,134,118.6
09/02/2020,134,118
09/01/2020,134,118
08/31/20,134.9,117.8
08/28/20,134.2,117.8
08/27/20,134.2,117.8
08/26/20,135,117.8
08/25/20,135,117.8
08/24/20,135,117.8
08/21/20,135,117.8
08/20/20,135,117.8
08/19/20,135,117.8
08/18/20,135,117.8
08/17/20,135,117.8
08/14/20,136,119
08/13/20,136,119.5
08/12/2020,136,118.5
08/11/2020,136,118.5
08/10/2020,141.8,118.5
08/07/2020,141.8,118.5
08/06/2020,141.8,118.5
08/05/2020,141.8,118
08/04/2020,141.8,118
08/03/2020,141.8,117.9
07/29/20,141.8,117.9
07/28/20,141.8,118
07/27/20,141.8,120
07/24/20,134.2,120
07/23/20,134.2,120
07/22/20,122,119
07/21/20,122,119
07/20/20,126,118
07/17/20,126,118
07/16/20,126,118
07/15/20,126,115
07/14/20,126,115
07/13/20,126,115
07/10/2020,126,116.1
07/09/2020,126,115
07/08/2020,126,115
07/07/2020,126,115
07/06/2020,127,116
07/03/2020,127,116
07/02/2020,127,116
07/01/2020,127,116
06/30/20,127,117.5
06/29/20,128,117.5
06/26/20,128,117.5
06/25/20,130,117.5
06/24/20,130,118
06/23/20,130,118
06/22/20,130,116.1
06/19/20,130,116.1
06/18/20,139,115.5
06/17/20,139,115
06/16/20,139,115
06/15/20,139,116
06/11/2020,139,118
06/10/2020,139,118
06/09/2020,139,118
06/08/2020,139,118
06/05/2020,139,116
06/04/2020,141.9,116
06/03/2020,140.5,118
06/02/2020,141,116.5
06/01/2020,139,116
05/29/20,139,116
05/28/20,138.5,116
05/27/20,137.3,115
05/22/20,150,115
05/21/20,150,111
05/20/20,150,111
05/19/20,147.5,111
05/18/20,143.5,111
05/15/20,143.5,109.5
05/14/20,146,110
05/13/20,143.5,110
05/12/2020,143.5,111.6
05/11/2020,150,112
05/08/2020,150,112
05/07/2020,150,120
05/06/2020,143.8,120
05/05/2020,143,120
05/04/2020,130,116
04/30/20,130,112
04/29/20,130,107.4
04/28/20,130,104.9
04/27/20,130,104.9
04/24/20,130,104
04/23/20,131.5,100
04/22/20,136,100
04/21/20,136,100
04/20/20,136,100
04/17/20,136,101.5
04/16/20,136,101.5
04/15/20,133.1,98
04/14/20,121,98
04/09/2020,117,95
04/08/2020,117,95
04/07/2020,117,94.8
